[{"@type":"mappingTemplate","id":"@1","name":"UNIVERSITY_STU","description":"","autoExpireObject":false,"bundleVersion":"0","assetFrsGuid":"0KW72QWLkOecGzlcTEd8SO","templateId":"@3","deployTime":1744176204000,"hasParameters":false,"valid":true,"fixedConnection":true,"hasParametersDeployed":false,"fixedConnectionDeployed":true,"isSchemaValidationEnabled":false,"tasks":1,"mappingPreviewFileRecordId":"@2","documentType":"MAPPING","references":[{"@type":"reference","refObjectId":"@0am88osGTGfc0KbjJ3DJip","refType":"connection"},{"@type":"reference","refObjectId":"@8tuodVwr6g2l5dKuN1dL2Z","refType":"connection"},{"@type":"reference","refObjectId":"@fVThDOzG06Njqd3jTLxIAi","refType":"connection"}]}]