[{"@type":"connection","id":"@1","name":"CALENDER_SQL","runtimeEnvironmentId":"@8RKBKcPo82Oki2TEUYKtcv","instanceDisplayName":"SqlServer","host":"localhost","database":"IICS_UNIVERSITY","codepage":"MS1252","authenticationType":"SqlServer","adjustedJdbcHostName":"localhost","schema":"dbo","type":"SqlServer2019","baseType":"SqlServer","subType":"SqlServer2019","port":1433,"password":"********","username":"sa","majorUpdateTime":"2025-04-03T00:55:36.000Z","timeout":60,"connParams":{"agentId":"012X3408000000000003","CryptoProtocolVersion":"TLSv1","agentGroupId":"012X3425000000000003","AUTHENTICATION_TYPE":"SqlServer","encryptionMethod":"None","orgId":"012X34","ValidateServerCertificate":"True","authenticationType":"SqlServer"},"internal":false,"federatedId":"8tuodVwr6g2l5dKuN1dL2Z","retryNetworkError":false,"supportsCCIMultiGroup":false,"metadataBrowsable":true,"supportLabels":false,"vaultEnabled":false,"vaultEnabledParams":[]}]