[{"@type":"connection","id":"@1","name":"CDW_UAS_Faculty","runtimeEnvironmentId":"@8RKBKcPo82Oki2TEUYKtcv","instanceDisplayName":"SqlServer","host":"localhost","database":"IICS_UNIVERSITY","codepage":"MS1252","authenticationType":"SqlServer","adjustedJdbcHostName":"localhost","schema":"dbo","type":"SqlServer2016","baseType":"SqlServer","subType":"SqlServer2016","port":1433,"password":"********","username":"sa","majorUpdateTime":"2025-04-02T01:22:56.000Z","timeout":60,"connParams":{"agentId":"012X3408000000000003","CryptoProtocolVersion":"TLSv1","agentGroupId":"012X3425000000000003","AUTHENTICATION_TYPE":"SqlServer","encryptionMethod":"None","orgId":"012X34","ValidateServerCertificate":"False","authenticationType":"SqlServer"},"internal":false,"federatedId":"fVThDOzG06Njqd3jTLxIAi","retryNetworkError":false,"supportsCCIMultiGroup":false,"metadataBrowsable":true,"supportLabels":false,"vaultEnabled":false,"vaultEnabledParams":[]}]