[{"@type":"connection","id":"@1","name":"CDW_UAS_College","runtimeEnvironmentId":"@8RKBKcPo82Oki2TEUYKtcv","instanceDisplayName":"CSVFile","dateFormat":"MM/dd/yyyy HH:mm:ss","database":"C:\\Users\\Administrator\\Documents\\Source","codepage":"UTF-8","type":"CSVFile","baseType":"CSVFile","port":0,"majorUpdateTime":"2025-04-01T13:24:40.000Z","timeout":60,"connParams":{"agentId":"012X3408000000000003","agentGroupId":"012X3425000000000003","orgId":"012X34"},"internal":false,"federatedId":"0am88osGTGfc0KbjJ3DJip","retryNetworkError":false,"supportsCCIMultiGroup":false,"metadataBrowsable":true,"supportLabels":false,"vaultEnabled":false,"vaultEnabledParams":[]}]